-1.728822886943817139e-01,-2.554013431072235107e-01,5.917547225952148438e+01,1.190202255249023438e+02,1.262427425384521484e+01,-2.065867781639099121e-01,8.938616180419921875e+01,1.337736663818359375e+02,-1.717882044613361359e-02,1.082669258117675781e+01,0.000000000000000000e+00
-1.723903119564056396e-01,-2.553693950176239014e-01,5.993518066406250000e+01,1.190744171142578125e+02,1.238054084777832031e+01,-2.040063291788101196e-01,8.990605926513671875e+01,1.338004608154296875e+02,-1.547012198716402054e-02,1.016019248962402344e+01,0.000000000000000000e+00
-1.702392101287841797e-01,-2.538733184337615967e-01,5.974750900268554688e+01,1.184956665039062500e+02,1.207295227050781250e+01,-2.025724053382873535e-01,8.992914581298828125e+01,1.331680145263671875e+02,-1.574584282934665680e-02,9.624644279479980469e+00,0.000000000000000000e+00
-1.710153967142105103e-01,-2.547387182712554932e-01,5.950191116333007812e+01,1.185038146972656250e+02,1.229388809204101562e+01,-2.034794986248016357e-01,8.960718536376953125e+01,1.334084320068359375e+02,-1.704387553036212921e-02,1.023200130462646484e+01,0.000000000000000000e+00
-1.732256263494491577e-01,-2.568033337593078613e-01,5.976580429077148438e+01,1.198210372924804688e+02,1.271138477325439453e+01,-2.070217281579971313e-01,9.035395050048828125e+01,1.344425964355468750e+02,-1.684067584574222565e-02,1.071688842773437500e+01,0.000000000000000000e+00
-1.753328293561935425e-01,-2.614663541316986084e-01,6.000029754638671875e+01,1.212953796386718750e+02,1.272220134735107422e+01,-2.084732949733734131e-01,9.067459869384765625e+01,1.358064422607421875e+02,-2.113011479377746582e-02,1.057079505920410156e+01,0.000000000000000000e+00
-1.753930300474166870e-01,-2.606495618820190430e-01,6.011422729492187500e+01,1.211225891113281250e+02,1.302680778503417969e+01,-2.093265056610107422e-01,9.094287109375000000e+01,1.357074737548828125e+02,-1.845772564411163330e-02,1.116807746887207031e+01,0.000000000000000000e+00
-1.727228760719299316e-01,-2.570266425609588623e-01,5.949550247192382812e+01,1.195294876098632812e+02,1.254564952850341797e+01,-2.066912949085235596e-01,9.016266632080078125e+01,1.343009338378906250e+02,-1.695285551249980927e-02,1.084078788757324219e+01,0.000000000000000000e+00
-1.716841310262680054e-01,-2.553257644176483154e-01,5.930844497680664062e+01,1.186872711181640625e+02,1.260485267639160156e+01,-2.058519273996353149e-01,8.998084259033203125e+01,1.336067047119140625e+02,-1.730156317353248596e-02,1.071334457397460938e+01,0.000000000000000000e+00
-1.774891763925552368e-01,-2.622338235378265381e-01,5.791701126098632812e+01,1.202278594970703125e+02,1.436835670471191406e+01,-2.122168689966201782e-01,8.851859283447265625e+01,1.330951385498046875e+02,-1.621768251061439514e-02,1.430020427703857422e+01,0.000000000000000000e+00
-1.731602698564529419e-01,-2.592121362686157227e-01,6.066559982299804688e+01,1.208956680297851562e+02,1.226006793975830078e+01,-2.072752863168716431e-01,9.168917083740234375e+01,1.361111755371093750e+02,-1.948567666113376617e-02,9.841609001159667969e+00,0.000000000000000000e+00
-1.724929213523864746e-01,-2.578579783439636230e-01,6.013580703735351562e+01,1.200745849609375000e+02,1.216050434112548828e+01,-2.065010219812393188e-01,9.102832794189453125e+01,1.352342987060546875e+02,-1.820034347474575043e-02,1.009033489227294922e+01,0.000000000000000000e+00
-1.825993657112121582e-01,-2.659825384616851807e-01,5.759663391113281250e+01,1.220706024169921875e+02,1.532154369354248047e+01,-2.172525525093078613e-01,8.834556579589843750e+01,1.337962188720703125e+02,-1.448271609842777252e-02,1.591405105590820312e+01,1.000000000000000000e+00
-1.821447759866714478e-01,-2.652395665645599365e-01,5.692883682250976562e+01,1.213139572143554688e+02,1.576500701904296875e+01,-2.167711257934570312e-01,8.742775726318359375e+01,1.323749542236328125e+02,-1.351737789809703827e-02,1.667264366149902344e+01,1.000000000000000000e+00
-1.880768686532974243e-01,-2.715037465095520020e-01,5.818709945678710938e+01,1.242518310546875000e+02,1.619233322143554688e+01,-2.221689969301223755e-01,8.972187805175781250e+01,1.360523834228515625e+02,-1.717577688395977020e-02,1.691762542724609375e+01,1.000000000000000000e+00
-1.851307004690170288e-01,-2.703718841075897217e-01,5.853302001953125000e+01,1.237573852539062500e+02,1.538986968994140625e+01,-2.206834107637405396e-01,9.010865783691406250e+01,1.362998809814453125e+02,-1.890158094465732574e-02,1.568921661376953125e+01,1.000000000000000000e+00
-1.808083504438400269e-01,-2.650103569030761719e-01,5.790672683715820312e+01,1.217331466674804688e+02,1.503470516204833984e+01,-2.147958576679229736e-01,8.866800689697265625e+01,1.338383941650390625e+02,-1.807126775383949280e-02,1.489013385772705078e+01,1.000000000000000000e+00
-1.858822852373123169e-01,-2.714217007160186768e-01,5.890254211425781250e+01,1.244737091064453125e+02,1.547428703308105469e+01,-2.215573191642761230e-01,9.042311096191406250e+01,1.371625213623046875e+02,-1.929770223796367645e-02,1.573648452758789062e+01,1.000000000000000000e+00
-1.864413022994995117e-01,-2.731177508831024170e-01,5.896709823608398438e+01,1.249447097778320312e+02,1.551685810089111328e+01,-2.221597433090209961e-01,9.066725158691406250e+01,1.375883178710937500e+02,-2.199523150920867920e-02,1.566441154479980469e+01,1.000000000000000000e+00
-1.721729934215545654e-01,-2.546944916248321533e-01,5.952630233764648438e+01,1.190192718505859375e+02,1.251007652282714844e+01,-2.041869163513183594e-01,8.952971649169921875e+01,1.335018157958984375e+02,-1.611475273966789246e-02,1.030030918121337891e+01,0.000000000000000000e+00
-1.718786954879760742e-01,-2.560999691486358643e-01,5.794922256469726562e+01,1.185835647583007812e+02,1.350745582580566406e+01,-2.081793397665023804e-01,8.878333282470703125e+01,1.323600006103515625e+02,-2.024163864552974701e-02,1.202859210968017578e+01,0.000000000000000000e+00
-1.859861314296722412e-01,-2.703413963317871094e-01,5.807412338256835938e+01,1.234646759033203125e+02,1.611454963684082031e+01,-2.194867730140686035e-01,8.888850402832031250e+01,1.352205352783203125e+02,-1.733039692044258118e-02,1.650339698791503906e+01,1.000000000000000000e+00
-1.841144710779190063e-01,-2.670316696166992188e-01,5.800725555419921875e+01,1.225407867431640625e+02,1.565507698059082031e+01,-2.185829281806945801e-01,8.906394195556640625e+01,1.346137847900390625e+02,-1.638094335794448853e-02,1.579313755035400391e+01,1.000000000000000000e+00
-1.808065325021743774e-01,-2.601504325866699219e-01,5.661631393432617188e+01,1.197365722656250000e+02,1.573261451721191406e+01,-2.138759344816207886e-01,8.657158660888671875e+01,1.310717620849609375e+02,-1.276865322142839432e-02,1.603512001037597656e+01,1.000000000000000000e+00
-1.837394237518310547e-01,-2.696181535720825195e-01,5.849421310424804688e+01,1.235148086547851562e+02,1.532615280151367188e+01,-2.195293158292770386e-01,8.967398834228515625e+01,1.358800506591796875e+02,-1.999093405902385712e-02,1.565302467346191406e+01,1.000000000000000000e+00
-1.842568665742874146e-01,-2.698086500167846680e-01,5.823156738281250000e+01,1.232531280517578125e+02,1.569712924957275391e+01,-2.195918560028076172e-01,8.917624664306640625e+01,1.350962677001953125e+02,-1.753395795822143555e-02,1.618154525756835938e+01,1.000000000000000000e+00
-1.825494468212127686e-01,-2.623451054096221924e-01,5.700118255615234375e+01,1.208108215332031250e+02,1.568470668792724609e+01,-2.147297412157058716e-01,8.740116119384765625e+01,1.321727600097656250e+02,-1.358314324170351028e-02,1.570906734466552734e+01,1.000000000000000000e+00
-1.741012781858444214e-01,-2.575064897537231445e-01,5.892911529541015625e+01,1.195973587036132812e+02,1.314053344726562500e+01,-2.085763663053512573e-01,8.960781860351562500e+01,1.338773956298828125e+02,-2.026814222335815430e-02,1.131491279602050781e+01,0.000000000000000000e+00
-1.824604719877243042e-01,-2.660917937755584717e-01,5.840136718750000000e+01,1.221782760620117188e+02,1.509230995178222656e+01,-2.150904089212417603e-01,8.897920989990234375e+01,1.345791473388671875e+02,-1.692260056734085083e-02,1.481174755096435547e+01,1.000000000000000000e+00
-1.830639988183975220e-01,-2.656840980052947998e-01,5.746038055419921875e+01,1.215635375976562500e+02,1.576574897766113281e+01,-2.162676453590393066e-01,8.816913604736328125e+01,1.332203521728515625e+02,-1.527291163802146912e-02,1.614000129699707031e+01,1.000000000000000000e+00
-1.865433007478713989e-01,-2.698597908020019531e-01,5.798351669311523438e+01,1.237456130981445312e+02,1.582673263549804688e+01,-2.205386161804199219e-01,8.929956817626953125e+01,1.354153900146484375e+02,-1.583771593868732452e-02,1.641803169250488281e+01,1.000000000000000000e+00
-1.662358492612838745e-01,-2.456595003604888916e-01,5.791937637329101562e+01,1.148168106079101562e+02,1.202231884002685547e+01,-1.967693120241165161e-01,8.693399810791015625e+01,1.287043762207031250e+02,-1.135217957198619843e-02,9.811574935913085938e+00,0.000000000000000000e+00
-1.818733513355255127e-01,-2.651448845863342285e-01,5.764152145385742188e+01,1.212906265258789062e+02,1.554508209228515625e+01,-2.148031741380691528e-01,8.774550628662109375e+01,1.328693237304687500e+02,-1.425312366336584091e-02,1.582182121276855469e+01,1.000000000000000000e+00
-1.701818108558654785e-01,-2.515550553798675537e-01,5.900542831420898438e+01,1.175193557739257812e+02,1.225727081298828125e+01,-2.017475515604019165e-01,8.890718841552734375e+01,1.318970947265625000e+02,-1.313656661659479141e-02,1.033409023284912109e+01,0.000000000000000000e+00
-1.833818703889846802e-01,-2.656202018260955811e-01,5.737035751342773438e+01,1.218243255615234375e+02,1.569660377502441406e+01,-2.174064069986343384e-01,8.794843292236328125e+01,1.332605133056640625e+02,-1.452412921935319901e-02,1.635050010681152344e+01,1.000000000000000000e+00
-1.788579672574996948e-01,-2.609043121337890625e-01,5.770571136474609375e+01,1.201900177001953125e+02,1.495629310607910156e+01,-2.127137184143066406e-01,8.797759246826171875e+01,1.327477264404296875e+02,-1.633694954216480255e-02,1.461485481262207031e+01,1.000000000000000000e+00
-1.798645704984664917e-01,-2.584087252616882324e-01,5.555455398559570312e+01,1.186925735473632812e+02,1.569097709655761719e+01,-2.124059796333312988e-01,8.559514617919921875e+01,1.293622589111328125e+02,-1.156293693929910660e-02,1.644948005676269531e+01,1.000000000000000000e+00
-1.724069714546203613e-01,-2.570232748985290527e-01,5.925008010864257812e+01,1.193611373901367188e+02,1.258840942382812500e+01,-2.060331553220748901e-01,8.954086303710937500e+01,1.334712829589843750e+02,-1.634540967643260956e-02,1.129921436309814453e+01,0.000000000000000000e+00
-1.769945621490478516e-01,-2.611032724380493164e-01,6.012598800659179688e+01,1.214053344726562500e+02,1.315691947937011719e+01,-2.104684263467788696e-01,9.095476531982421875e+01,1.359740600585937500e+02,-1.840264163911342621e-02,1.137854194641113281e+01,0.000000000000000000e+00
-1.725682020187377930e-01,-2.565089464187622070e-01,5.954922103881835938e+01,1.192975692749023438e+02,1.240076637268066406e+01,-2.062143534421920776e-01,9.020116424560546875e+01,1.343173065185546875e+02,-1.867399550974369049e-02,1.045848560333251953e+01,0.000000000000000000e+00
-1.734842658042907715e-01,-2.590848803520202637e-01,6.028424453735351562e+01,1.204101715087890625e+02,1.241180896759033203e+01,-2.069481611251831055e-01,9.105126190185546875e+01,1.355303039550781250e+02,-2.004631236195564270e-02,9.945728302001953125e+00,0.000000000000000000e+00
-1.740974634885787964e-01,-2.598095536231994629e-01,5.983924102783203125e+01,1.206247482299804688e+02,1.285891246795654297e+01,-2.096633315086364746e-01,9.103031158447265625e+01,1.356278839111328125e+02,-2.025955356657505035e-02,1.094994354248046875e+01,0.000000000000000000e+00
-1.754391938447952271e-01,-2.606280148029327393e-01,6.022838592529296875e+01,1.209890823364257812e+02,1.283047103881835938e+01,-2.093279063701629639e-01,9.116597747802734375e+01,1.360763397216796875e+02,-2.064287848770618439e-02,1.063315582275390625e+01,0.000000000000000000e+00
-1.771574765443801880e-01,-2.561970353126525879e-01,5.550323104858398438e+01,1.177790985107421875e+02,1.527707386016845703e+01,-2.099777013063430786e-01,8.507955169677734375e+01,1.285319366455078125e+02,-9.479640051722526550e-03,1.616757774353027344e+01,1.000000000000000000e+00
-1.809510439634323120e-01,-2.637009322643280029e-01,5.736827087402343750e+01,1.209644927978515625e+02,1.533504104614257812e+01,-2.147264033555984497e-01,8.742766571044921875e+01,1.324059448242187500e+02,-1.449612434953451157e-02,1.598442077636718750e+01,1.000000000000000000e+00
-1.750618666410446167e-01,-2.600721120834350586e-01,5.969451141357421875e+01,1.206730041503906250e+02,1.290661621093750000e+01,-2.107278257608413696e-01,9.101071166992187500e+01,1.354512329101562500e+02,-1.872613653540611267e-02,1.121864509582519531e+01,0.000000000000000000e+00
-1.679731309413909912e-01,-2.490599006414413452e-01,5.919583129882812500e+01,1.169628906250000000e+02,1.185832881927490234e+01,-1.990840882062911987e-01,8.896142578125000000e+01,1.316484527587890625e+02,-1.538331806659698486e-02,9.015703201293945312e+00,0.000000000000000000e+00
-1.842112243175506592e-01,-2.703940272331237793e-01,5.832032012939453125e+01,1.236062011718750000e+02,1.545761299133300781e+01,-2.204496860504150391e-01,8.987430572509765625e+01,1.358409118652343750e+02,-1.744960620999336243e-02,1.590302753448486328e+01,1.000000000000000000e+00
-1.681747436523437500e-01,-2.509311437606811523e-01,5.909017944335937500e+01,1.170284423828125000e+02,1.199786376953125000e+01,-2.010991424322128296e-01,8.905732727050781250e+01,1.318062286376953125e+02,-1.580285839736461639e-02,9.597938537597656250e+00,0.000000000000000000e+00
-1.825300157070159912e-01,-2.646097838878631592e-01,5.760478210449218750e+01,1.218258666992187500e+02,1.534423351287841797e+01,-2.163474261760711670e-01,8.820177459716796875e+01,1.335976715087890625e+02,-1.474763266742229462e-02,1.564064979553222656e+01,1.000000000000000000e+00
-1.733135730028152466e-01,-2.577051222324371338e-01,5.962404251098632812e+01,1.197869873046875000e+02,1.263361358642578125e+01,-2.062305361032485962e-01,9.019556427001953125e+01,1.341941986083984375e+02,-1.703484915196895599e-02,1.083347511291503906e+01,0.000000000000000000e+00
-1.749500185251235962e-01,-2.582530379295349121e-01,5.887799453735351562e+01,1.197852096557617188e+02,1.356276226043701172e+01,-2.086568623781204224e-01,8.897518157958984375e+01,1.331035919189453125e+02,-1.387034263461828232e-02,1.248644542694091797e+01,0.000000000000000000e+00
-1.726728081703186035e-01,-2.611768245697021484e-01,6.058499526977539062e+01,1.204596252441406250e+02,1.251278114318847656e+01,-2.093393653631210327e-01,9.178646087646484375e+01,1.364410552978515625e+02,-2.176277339458465576e-02,1.050560379028320312e+01,0.000000000000000000e+00
-1.761339902877807617e-01,-2.589636743068695068e-01,5.956135940551757812e+01,1.205266494750976562e+02,1.330252838134765625e+01,-2.088512033224105835e-01,8.996705627441406250e+01,1.344217529296875000e+02,-1.512427628040313721e-02,1.180607032775878906e+01,0.000000000000000000e+00
-1.707957237958908081e-01,-2.543166875839233398e-01,5.949510955810546875e+01,1.184948043823242188e+02,1.232045269012451172e+01,-2.033015340566635132e-01,8.952630615234375000e+01,1.332143402099609375e+02,-1.553699374198913574e-02,1.019158554077148438e+01,0.000000000000000000e+00
-1.678387671709060669e-01,-2.487532943487167358e-01,5.843370437622070312e+01,1.164891815185546875e+02,1.195972919464111328e+01,-1.987733989953994751e-01,8.802887725830078125e+01,1.304479217529296875e+02,-1.323164813220500946e-02,9.807741165161132812e+00,0.000000000000000000e+00
-1.681566238403320312e-01,-2.496019154787063599e-01,5.917790222167968750e+01,1.168455886840820312e+02,1.186052608489990234e+01,-1.997038573026657104e-01,8.901096343994140625e+01,1.313976593017578125e+02,-1.445330493152141571e-02,9.274331092834472656e+00,0.000000000000000000e+00
-1.845476925373077393e-01,-2.693883776664733887e-01,5.813871383666992188e+01,1.232998428344726562e+02,1.555187416076660156e+01,-2.200942337512969971e-01,8.937233734130859375e+01,1.355004882812500000e+02,-1.746457815170288086e-02,1.623528861999511719e+01,1.000000000000000000e+00
-1.718110740184783936e-01,-2.563329041004180908e-01,5.997328186035156250e+01,1.192837142944335938e+02,1.225554943084716797e+01,-2.037677317857742310e-01,9.031574249267578125e+01,1.341820983886718750e+02,-1.732268743216991425e-02,9.754780769348144531e+00,0.000000000000000000e+00
-1.763503402471542358e-01,-2.613501846790313721e-01,6.003401947021484375e+01,1.214112243652343750e+02,1.308916282653808594e+01,-2.104857414960861206e-01,9.086972808837890625e+01,1.359726409912109375e+02,-1.889358833432197571e-02,1.139942264556884766e+01,0.000000000000000000e+00
-1.720265299081802368e-01,-2.556703686714172363e-01,5.951055526733398438e+01,1.192745666503906250e+02,1.247537612915039062e+01,-2.051796317100524902e-01,8.991852569580078125e+01,1.338245391845703125e+02,-1.782941631972789764e-02,1.033994293212890625e+01,0.000000000000000000e+00
-1.728656291961669922e-01,-2.589060068130493164e-01,5.991764450073242188e+01,1.202028045654296875e+02,1.251994132995605469e+01,-2.085945308208465576e-01,9.104514312744140625e+01,1.353728637695312500e+02,-2.004831098020076752e-02,1.055906105041503906e+01,0.000000000000000000e+00
-1.708160042762756348e-01,-2.550829648971557617e-01,5.989826202392578125e+01,1.190304870605468750e+02,1.206861591339111328e+01,-2.033895701169967651e-01,9.032845306396484375e+01,1.340747375488281250e+02,-1.668715849518775940e-02,9.646303176879882812e+00,0.000000000000000000e+00
-1.759523749351501465e-01,-2.622447013854980469e-01,6.024187088012695312e+01,1.214313659667968750e+02,1.306647968292236328e+01,-2.118941247463226318e-01,9.150721740722656250e+01,1.367572326660156250e+02,-2.135519310832023621e-02,1.128349018096923828e+01,0.000000000000000000e+00
-1.727113276720046997e-01,-2.576379776000976562e-01,5.951612472534179688e+01,1.196996231079101562e+02,1.259348869323730469e+01,-2.075353413820266724e-01,9.028487396240234375e+01,1.344427337646484375e+02,-1.755039021372795105e-02,1.085100936889648438e+01,0.000000000000000000e+00
-1.753445267677307129e-01,-2.592460215091705322e-01,5.975857543945312500e+01,1.206019973754882812e+02,1.307384109497070312e+01,-2.099025547504425049e-01,9.055316925048828125e+01,1.352635650634765625e+02,-1.860454306006431580e-02,1.126950550079345703e+01,0.000000000000000000e+00
-1.759724915027618408e-01,-2.611262500286102295e-01,6.056412506103515625e+01,1.214711303710937500e+02,1.274275493621826172e+01,-2.098078280687332153e-01,9.158261871337890625e+01,1.364417266845703125e+02,-1.919686608016490936e-02,1.061459541320800781e+01,0.000000000000000000e+00
-1.705518811941146851e-01,-2.536712884902954102e-01,5.945774078369140625e+01,1.182718353271484375e+02,1.228535652160644531e+01,-2.027592957019805908e-01,8.950561523437500000e+01,1.329667510986328125e+02,-1.583696715533733368e-02,9.873647689819335938e+00,0.000000000000000000e+00
-1.819115430116653442e-01,-2.664206027984619141e-01,5.778956604003906250e+01,1.219766693115234375e+02,1.548870468139648438e+01,-2.179299294948577881e-01,8.893447875976562500e+01,1.341464233398437500e+02,-1.691159978508949280e-02,1.589902496337890625e+01,1.000000000000000000e+00
-1.738601624965667725e-01,-2.560788989067077637e-01,5.899508285522460938e+01,1.191959838867187500e+02,1.309926128387451172e+01,-2.059819996356964111e-01,8.870455932617187500e+01,1.328477630615234375e+02,-1.261330954730510712e-02,1.205184936523437500e+01,0.000000000000000000e+00
-1.783931106328964233e-01,-2.580208182334899902e-01,5.585467910766601562e+01,1.187066650390625000e+02,1.557258129119873047e+01,-2.123735249042510986e-01,8.583154296875000000e+01,1.295274200439453125e+02,-9.371931664645671844e-03,1.648301696777343750e+01,1.000000000000000000e+00
-1.761839687824249268e-01,-2.605634331703186035e-01,5.950785446166992188e+01,1.208735885620117188e+02,1.323564243316650391e+01,-2.097391635179519653e-01,9.030329132080078125e+01,1.350725555419921875e+02,-1.721536926925182343e-02,1.196608924865722656e+01,0.000000000000000000e+00
-1.844121515750885010e-01,-2.679301500320434570e-01,5.748090362548828125e+01,1.225096435546875000e+02,1.587009525299072266e+01,-2.188424468040466309e-01,8.836263275146484375e+01,1.339364624023437500e+02,-1.508712582290172577e-02,1.669731140136718750e+01,1.000000000000000000e+00
-1.716875731945037842e-01,-2.543863952159881592e-01,5.834586715698242188e+01,1.181669921875000000e+02,1.287684535980224609e+01,-2.049055248498916626e-01,8.826110076904296875e+01,1.318880462646484375e+02,-1.352343894541263580e-02,1.194762992858886719e+01,0.000000000000000000e+00
-1.774210333824157715e-01,-2.639959752559661865e-01,6.027604675292968750e+01,1.221789321899414062e+02,1.318129920959472656e+01,-2.108444720506668091e-01,9.126734161376953125e+01,1.364652099609375000e+02,-1.905922777950763702e-02,1.165494728088378906e+01,0.000000000000000000e+00
-1.712349802255630493e-01,-2.551614642143249512e-01,5.954873275756835938e+01,1.188594436645507812e+02,1.235167312622070312e+01,-2.044811397790908813e-01,9.003285980224609375e+01,1.334824218750000000e+02,-1.615765504539012909e-02,1.024721717834472656e+01,0.000000000000000000e+00
-1.718638390302658081e-01,-2.565433979034423828e-01,6.000344848632812500e+01,1.193742523193359375e+02,1.236413955688476562e+01,-2.049753367900848389e-01,9.040526580810546875e+01,1.343391113281250000e+02,-1.717655919492244720e-02,1.013398551940917969e+01,0.000000000000000000e+00
-1.751549541950225830e-01,-2.615385353565216064e-01,6.079822540283203125e+01,1.217013702392578125e+02,1.243401908874511719e+01,-2.096704244613647461e-01,9.199079132080078125e+01,1.371558532714843750e+02,-2.186094969511032104e-02,1.008402252197265625e+01,0.000000000000000000e+00
-1.708309650421142578e-01,-2.542936503887176514e-01,5.988351440429687500e+01,1.188781127929687500e+02,1.204352188110351562e+01,-2.029762268066406250e-01,9.023107147216796875e+01,1.339852752685546875e+02,-1.724047958850860596e-02,9.348648071289062500e+00,0.000000000000000000e+00
-1.764143705368041992e-01,-2.606908082962036133e-01,6.004048919677734375e+01,1.211525955200195312e+02,1.299769592285156250e+01,-2.100989222526550293e-01,9.064414215087890625e+01,1.355380401611328125e+02,-1.623603701591491699e-02,1.163713836669921875e+01,0.000000000000000000e+00
-1.706285476684570312e-01,-2.515896260738372803e-01,5.900780868530273438e+01,1.175424194335937500e+02,1.236841201782226562e+01,-2.015329897403717041e-01,8.862733459472656250e+01,1.316406860351562500e+02,-1.389627810567617416e-02,1.015978145599365234e+01,0.000000000000000000e+00
-1.854675561189651489e-01,-2.706082761287689209e-01,5.835194396972656250e+01,1.236030044555664062e+02,1.570680904388427734e+01,-2.209040969610214233e-01,8.960504913330078125e+01,1.357352752685546875e+02,-1.804746873676776886e-02,1.643145942687988281e+01,1.000000000000000000e+00
-1.744192093610763550e-01,-2.589967846870422363e-01,5.961606216430664062e+01,1.202338943481445312e+02,1.297661018371582031e+01,-2.097693085670471191e-01,9.040410614013671875e+01,1.349930572509765625e+02,-1.828726194798946381e-02,1.130714988708496094e+01,0.000000000000000000e+00
-1.695030778646469116e-01,-2.508760690689086914e-01,5.901119995117187500e+01,1.171450500488281250e+02,1.220049095153808594e+01,-2.007880806922912598e-01,8.857144927978515625e+01,1.315061340332031250e+02,-1.450515631586313248e-02,9.835504531860351562e+00,0.000000000000000000e+00
-1.717111170291900635e-01,-2.580025494098663330e-01,5.978517150878906250e+01,1.190343170166015625e+02,1.291614151000976562e+01,-2.080258131027221680e-01,9.043445587158203125e+01,1.346925811767578125e+02,-2.151180990040302277e-02,1.086569023132324219e+01,0.000000000000000000e+00
-1.821061223745346069e-01,-2.652153968811035156e-01,5.786058425903320312e+01,1.219011001586914062e+02,1.507384586334228516e+01,-2.158851027488708496e-01,8.834748077392578125e+01,1.339452819824218750e+02,-1.517230831086635590e-02,1.568256378173828125e+01,1.000000000000000000e+00
-1.743377298116683960e-01,-2.571579217910766602e-01,5.945156860351562500e+01,1.195488967895507812e+02,1.287277221679687500e+01,-2.071477770805358887e-01,8.976293945312500000e+01,1.339181060791015625e+02,-1.600736379623413086e-02,1.103174495697021484e+01,0.000000000000000000e+00
-1.758401989936828613e-01,-2.611482441425323486e-01,5.993925857543945312e+01,1.209097137451171875e+02,1.289231109619140625e+01,-2.094611525535583496e-01,9.051251983642578125e+01,1.355201568603515625e+02,-1.933692209422588348e-02,1.110778427124023438e+01,0.000000000000000000e+00
-1.758250445127487183e-01,-2.621865570545196533e-01,5.970481491088867188e+01,1.211981887817382812e+02,1.311974334716796875e+01,-2.112001776695251465e-01,9.071322631835937500e+01,1.356299285888671875e+02,-1.923150382936000824e-02,1.180253791809082031e+01,0.000000000000000000e+00
-1.745458543300628662e-01,-2.603309452533721924e-01,5.996779251098632812e+01,1.211315612792968750e+02,1.278229904174804688e+01,-2.104773223400115967e-01,9.124629211425781250e+01,1.360915985107421875e+02,-2.102778665721416473e-02,1.101450443267822266e+01,0.000000000000000000e+00
-1.754839271306991577e-01,-2.617650330066680908e-01,6.037345886230468750e+01,1.213840026855468750e+02,1.275989532470703125e+01,-2.092826962471008301e-01,9.144049835205078125e+01,1.362964935302734375e+02,-2.025310322642326355e-02,1.069595909118652344e+01,0.000000000000000000e+00
-1.801361739635467529e-01,-2.650605738162994385e-01,5.946003341674804688e+01,1.224903869628906250e+02,1.424362373352050781e+01,-2.148074805736541748e-01,9.043547821044921875e+01,1.358859710693359375e+02,-1.731470413506031036e-02,1.350469017028808594e+01,0.000000000000000000e+00
-1.834390759468078613e-01,-2.670914530754089355e-01,5.782600402832031250e+01,1.225324478149414062e+02,1.554738616943359375e+01,-2.186056077480316162e-01,8.831565856933593750e+01,1.341581878662109375e+02,-1.390408352017402649e-02,1.652700424194335938e+01,1.000000000000000000e+00
-1.720458716154098511e-01,-2.551150321960449219e-01,5.972112274169921875e+01,1.188518371582031250e+02,1.242387199401855469e+01,-2.041454911231994629e-01,8.991367340087890625e+01,1.335860290527343750e+02,-1.680793613195419312e-02,9.994074821472167969e+00,0.000000000000000000e+00
-1.862956583499908447e-01,-2.722298204898834229e-01,5.865269851684570312e+01,1.243900070190429688e+02,1.576728248596191406e+01,-2.216240018606185913e-01,9.022444915771484375e+01,1.366848754882812500e+02,-1.898176036775112152e-02,1.616752815246582031e+01,1.000000000000000000e+00
-1.815638244152069092e-01,-2.665254771709442139e-01,5.847692489624023438e+01,1.222996597290039062e+02,1.500701999664306641e+01,-2.180007547140121460e-01,8.979125213623046875e+01,1.352672271728515625e+02,-1.850453205406665802e-02,1.497694396972656250e+01,1.000000000000000000e+00
-1.837163120508193970e-01,-2.658672332763671875e-01,5.727605056762695312e+01,1.218503265380859375e+02,1.609527397155761719e+01,-2.179097086191177368e-01,8.803865814208984375e+01,1.331354370117187500e+02,-1.339562702924013138e-02,1.671599197387695312e+01,1.000000000000000000e+00
-1.867915540933609009e-01,-2.725693583488464355e-01,5.838598251342773438e+01,1.246254882812500000e+02,1.578313446044921875e+01,-2.225065827369689941e-01,9.028618621826171875e+01,1.368107147216796875e+02,-1.910679228603839874e-02,1.626107215881347656e+01,1.000000000000000000e+00
-1.813891381025314331e-01,-2.622762322425842285e-01,5.690823745727539062e+01,1.205348358154296875e+02,1.553922843933105469e+01,-2.140384316444396973e-01,8.727156829833984375e+01,1.319150085449218750e+02,-1.321626547724008560e-02,1.573319244384765625e+01,1.000000000000000000e+00
-1.851880252361297607e-01,-2.713962793350219727e-01,5.874337387084960938e+01,1.242751312255859375e+02,1.552745437622070312e+01,-2.207988053560256958e-01,9.036984252929687500e+01,1.366886749267578125e+02,-1.979205012321472168e-02,1.561179542541503906e+01,1.000000000000000000e+00
-1.872978508472442627e-01,-2.724476158618927002e-01,5.873329162597656250e+01,1.245653381347656250e+02,1.597595977783203125e+01,-2.220622748136520386e-01,9.012982940673828125e+01,1.366530303955078125e+02,-1.863374561071395874e-02,1.604032325744628906e+01,1.000000000000000000e+00
-1.845327317714691162e-01,-2.688494920730590820e-01,5.860893249511718750e+01,1.232610855102539062e+02,1.529719638824462891e+01,-2.185067385435104370e-01,8.952805328369140625e+01,1.356402282714843750e+02,-1.730958372354507446e-02,1.548863220214843750e+01,1.000000000000000000e+00
-1.844031512737274170e-01,-2.669432461261749268e-01,5.719971084594726562e+01,1.221057510375976562e+02,1.606731224060058594e+01,-2.189502418041229248e-01,8.798836517333984375e+01,1.335691833496093750e+02,-1.438360102474689484e-02,1.684396934509277344e+01,1.000000000000000000e+00
-1.858898550271987915e-01,-2.720484435558319092e-01,5.919238662719726562e+01,1.246502075195312500e+02,1.546613216400146484e+01,-2.223002314567565918e-01,9.102719116210937500e+01,1.376676025390625000e+02,-2.247277460992336273e-02,1.517515754699707031e+01,1.000000000000000000e+00
-1.831927001476287842e-01,-2.665458917617797852e-01,5.770164108276367188e+01,1.222853240966796875e+02,1.559556484222412109e+01,-2.182646840810775757e-01,8.879953765869140625e+01,1.341874237060546875e+02,-1.492166798561811447e-02,1.597947216033935547e+01,1.000000000000000000e+00
-1.837826818227767944e-01,-2.682812213897705078e-01,5.792248153686523438e+01,1.224738845825195312e+02,1.547251129150390625e+01,-2.184097766876220703e-01,8.904230499267578125e+01,1.345884094238281250e+02,-1.724671758711338043e-02,1.574915695190429688e+01,1.000000000000000000e+00
-1.840810030698776245e-01,-2.664445340633392334e-01,5.736968612670898438e+01,1.220546646118164062e+02,1.597134780883789062e+01,-2.183699905872344971e-01,8.811656951904296875e+01,1.335189056396484375e+02,-1.385569386184215546e-02,1.665788269042968750e+01,1.000000000000000000e+00
-1.854099631309509277e-01,-2.682217061519622803e-01,5.757481384277343750e+01,1.225984649658203125e+02,1.601067733764648438e+01,-2.188053876161575317e-01,8.824507904052734375e+01,1.338748626708984375e+02,-1.346521731466054916e-02,1.676060295104980469e+01,1.000000000000000000e+00
-1.847923994064331055e-01,-2.687568664550781250e-01,5.779907608032226562e+01,1.229130249023437500e+02,1.582169151306152344e+01,-2.203974723815917969e-01,8.897960662841796875e+01,1.347245330810546875e+02,-1.564883626997470856e-02,1.660607337951660156e+01,1.000000000000000000e+00
-1.856297105550765991e-01,-2.692956924438476562e-01,5.745522689819335938e+01,1.230776748657226562e+02,1.581151866912841797e+01,-2.197338640689849854e-01,8.858953094482421875e+01,1.346340942382812500e+02,-1.573219150304794312e-02,1.682039833068847656e+01,1.000000000000000000e+00
-1.833264380693435669e-01,-2.692790031433105469e-01,5.848225021362304688e+01,1.230706481933593750e+02,1.515413856506347656e+01,-2.185211330652236938e-01,8.984725952148437500e+01,1.356507415771484375e+02,-1.843799836933612823e-02,1.530597305297851562e+01,1.000000000000000000e+00
-1.838074028491973877e-01,-2.664287984371185303e-01,5.753232955932617188e+01,1.217756347656250000e+02,1.560523033142089844e+01,-2.170935273170471191e-01,8.815709686279296875e+01,1.338467559814453125e+02,-1.431178394705057144e-02,1.601013565063476562e+01,1.000000000000000000e+00
-1.825835257768630981e-01,-2.667984664440155029e-01,5.833254623413085938e+01,1.225215301513671875e+02,1.497659301757812500e+01,-2.173977494239807129e-01,8.932013702392578125e+01,1.350472869873046875e+02,-1.633681543171405792e-02,1.510235881805419922e+01,1.000000000000000000e+00
-1.850531548261642456e-01,-2.692532241344451904e-01,5.801119613647460938e+01,1.234955978393554688e+02,1.579220199584960938e+01,-2.199590802192687988e-01,8.950910949707031250e+01,1.357084197998046875e+02,-1.938541792333126068e-02,1.578832054138183594e+01,1.000000000000000000e+00
-1.836651563644409180e-01,-2.681629359722137451e-01,5.758498001098632812e+01,1.225527267456054688e+02,1.583467483520507812e+01,-2.175682038068771362e-01,8.818768310546875000e+01,1.338539276123046875e+02,-1.592693664133548737e-02,1.664507865905761719e+01,1.000000000000000000e+00
-1.865931600332260132e-01,-2.709848880767822266e-01,5.816059875488281250e+01,1.240335006713867188e+02,1.603722190856933594e+01,-2.219350039958953857e-01,8.980315399169921875e+01,1.361380615234375000e+02,-1.852155104279518127e-02,1.621507644653320312e+01,1.000000000000000000e+00
-1.831467449665069580e-01,-2.655842602252960205e-01,5.846920013427734375e+01,1.220327301025390625e+02,1.509108734130859375e+01,-2.146630585193634033e-01,8.885718536376953125e+01,1.345237884521484375e+02,-1.658153347671031952e-02,1.464361381530761719e+01,1.000000000000000000e+00
-1.847396045923233032e-01,-2.677006423473358154e-01,5.764152908325195312e+01,1.227239379882812500e+02,1.592707252502441406e+01,-2.183491885662078857e-01,8.840799713134765625e+01,1.341266021728515625e+02,-1.485252194106578827e-02,1.639393234252929688e+01,1.000000000000000000e+00
-1.832789033651351929e-01,-2.659516930580139160e-01,5.709776687622070312e+01,1.215577926635742188e+02,1.599724769592285156e+01,-2.160681635141372681e-01,8.745629119873046875e+01,1.325975494384765625e+02,-1.348522957414388657e-02,1.641804504394531250e+01,1.000000000000000000e+00
-1.836692243814468384e-01,-2.662416100502014160e-01,5.748734664916992188e+01,1.219075469970703125e+02,1.571930313110351562e+01,-2.166851609945297241e-01,8.833816528320312500e+01,1.334593200683593750e+02,-1.421834807842969894e-02,1.612264251708984375e+01,1.000000000000000000e+00
-1.841326355934143066e-01,-2.682270109653472900e-01,5.734112930297851562e+01,1.223457336425781250e+02,1.599685668945312500e+01,-2.190216928720474243e-01,8.811557006835937500e+01,1.338621978759765625e+02,-1.458509266376495361e-02,1.696961975097656250e+01,1.000000000000000000e+00
-1.813499480485916138e-01,-2.629850804805755615e-01,5.681324386596679688e+01,1.203862762451171875e+02,1.580956077575683594e+01,-2.147358506917953491e-01,8.683856964111328125e+01,1.316425018310546875e+02,-1.219045463949441910e-02,1.643328285217285156e+01,1.000000000000000000e+00
-1.843414306640625000e-01,-2.707563042640686035e-01,5.880559158325195312e+01,1.235175857543945312e+02,1.525558757781982422e+01,-2.198304533958435059e-01,9.020467376708984375e+01,1.363531036376953125e+02,-1.935418508946895599e-02,1.528949642181396484e+01,1.000000000000000000e+00
-1.836890131235122681e-01,-2.676558494567871094e-01,5.806035614013671875e+01,1.228416900634765625e+02,1.569590568542480469e+01,-2.182303816080093384e-01,8.885814666748046875e+01,1.346496582031250000e+02,-1.709088124334812164e-02,1.573762989044189453e+01,1.000000000000000000e+00
-1.854086667299270630e-01,-2.693531215190887451e-01,5.759270095825195312e+01,1.230278930664062500e+02,1.599066543579101562e+01,-2.192556262016296387e-01,8.839896392822265625e+01,1.343188934326171875e+02,-1.437748316675424576e-02,1.692407417297363281e+01,1.000000000000000000e+00
-1.868075579404830933e-01,-2.699544727802276611e-01,5.787293624877929688e+01,1.236421813964843750e+02,1.615805816650390625e+01,-2.199340909719467163e-01,8.876959991455078125e+01,1.349653472900390625e+02,-1.645594462752342224e-02,1.664978981018066406e+01,1.000000000000000000e+00
-1.848615258932113647e-01,-2.693430781364440918e-01,5.828658294677734375e+01,1.230746688842773438e+02,1.549185371398925781e+01,-2.176961600780487061e-01,8.921825408935546875e+01,1.352054595947265625e+02,-1.772668771445751190e-02,1.561299896240234375e+01,1.000000000000000000e+00
-1.866503804922103882e-01,-2.749376893043518066e-01,5.903370666503906250e+01,1.253731536865234375e+02,1.576851463317871094e+01,-2.233493775129318237e-01,9.093102264404296875e+01,1.380153961181640625e+02,-2.548636682331562042e-02,1.564676570892333984e+01,1.000000000000000000e+00
-1.802361607551574707e-01,-2.658455073833465576e-01,5.781329727172851562e+01,1.216465148925781250e+02,1.485282611846923828e+01,-2.164463698863983154e-01,8.907250213623046875e+01,1.341888580322265625e+02,-1.798611879348754883e-02,1.524939346313476562e+01,1.000000000000000000e+00
-1.848631501197814941e-01,-2.687799334526062012e-01,5.784387207031250000e+01,1.229794921875000000e+02,1.585053825378417969e+01,-2.190271914005279541e-01,8.874108123779296875e+01,1.346294097900390625e+02,-1.614916697144508362e-02,1.650634765625000000e+01,1.000000000000000000e+00
-1.841884702444076538e-01,-2.675405740737915039e-01,5.766650390625000000e+01,1.223335647583007812e+02,1.568292236328125000e+01,-2.180204540491104126e-01,8.847792053222656250e+01,1.340928802490234375e+02,-1.518015190958976746e-02,1.599485206604003906e+01,1.000000000000000000e+00
-1.745114475488662720e-01,-2.573710381984710693e-01,5.955904006958007812e+01,1.198195343017578125e+02,1.288024520874023438e+01,-2.072586566209793091e-01,8.989215850830078125e+01,1.338990020751953125e+02,-1.487353630363941193e-02,1.116482257843017578e+01,0.000000000000000000e+00
-1.841859370470046997e-01,-2.671561837196350098e-01,5.759271240234375000e+01,1.223506927490234375e+02,1.576108074188232422e+01,-2.185789793729782104e-01,8.856082153320312500e+01,1.340599212646484375e+02,-1.438713911920785904e-02,1.649036979675292969e+01,1.000000000000000000e+00
-1.775277256965637207e-01,-2.630059123039245605e-01,5.960367202758789062e+01,1.217575531005859375e+02,1.357060527801513672e+01,-2.119236290454864502e-01,9.044982147216796875e+01,1.354543609619140625e+02,-1.619729399681091309e-02,1.283520030975341797e+01,0.000000000000000000e+00
-1.733074486255645752e-01,-2.530641555786132812e-01,5.794750213623046875e+01,1.176397171020507812e+02,1.355283069610595703e+01,-2.055881768465042114e-01,8.735642242431640625e+01,1.309624328613281250e+02,-1.359606627374887466e-02,1.242428970336914062e+01,0.000000000000000000e+00
-1.740745306015014648e-01,-2.580403685569763184e-01,6.023647308349609375e+01,1.201607666015625000e+02,1.258217620849609375e+01,-2.066922932863235474e-01,9.090362548828125000e+01,1.352306823730468750e+02,-1.870371587574481964e-02,1.016063976287841797e+01,0.000000000000000000e+00
-1.758763492107391357e-01,-2.631614804267883301e-01,6.046481323242187500e+01,1.216762390136718750e+02,1.289148330688476562e+01,-2.119922041893005371e-01,9.185592651367187500e+01,1.373503570556640625e+02,-2.373435162007808685e-02,1.092438125610351562e+01,0.000000000000000000e+00
-1.761986464262008667e-01,-2.599966824054718018e-01,5.896568298339843750e+01,1.202640228271484375e+02,1.348455619812011719e+01,-2.087541222572326660e-01,8.918709564208984375e+01,1.335843658447265625e+02,-1.490825973451137543e-02,1.265868568420410156e+01,0.000000000000000000e+00
-1.765030175447463989e-01,-2.595204710960388184e-01,5.879640197753906250e+01,1.203179016113281250e+02,1.360972976684570312e+01,-2.096703499555587769e-01,8.917751312255859375e+01,1.338090362548828125e+02,-1.435869093984365463e-02,1.291676807403564453e+01,0.000000000000000000e+00
-1.686611473560333252e-01,-2.489549368619918823e-01,5.849647521972656250e+01,1.164409332275390625e+02,1.228068256378173828e+01,-2.000017762184143066e-01,8.796048736572265625e+01,1.305323486328125000e+02,-1.284299697726964951e-02,1.028560256958007812e+01,0.000000000000000000e+00
-1.739757359027862549e-01,-2.582017183303833008e-01,5.804668045043945312e+01,1.194006652832031250e+02,1.356050586700439453e+01,-2.073214501142501831e-01,8.808969879150390625e+01,1.321431274414062500e+02,-1.461676880717277527e-02,1.322193145751953125e+01,0.000000000000000000e+00
-1.788811981678009033e-01,-2.638880610466003418e-01,5.949007034301757812e+01,1.218903198242187500e+02,1.389379119873046875e+01,-2.129294127225875854e-01,9.000601196289062500e+01,1.352062225341796875e+02,-1.528389286249876022e-02,1.332550144195556641e+01,0.000000000000000000e+00
-1.778039634227752686e-01,-2.623925209045410156e-01,5.941053390502929688e+01,1.216047439575195312e+02,1.350460910797119141e+01,-2.124169617891311646e-01,9.036800384521484375e+01,1.356079559326171875e+02,-1.788722909986972809e-02,1.262276458740234375e+01,0.000000000000000000e+00
-1.757983863353729248e-01,-2.593051195144653320e-01,5.983893203735351562e+01,1.203759918212890625e+02,1.300436401367187500e+01,-2.091920077800750732e-01,9.032511901855468750e+01,1.350596313476562500e+02,-1.647016406059265137e-02,1.140060806274414062e+01,0.000000000000000000e+00
-1.727406680583953857e-01,-2.550791203975677490e-01,5.938203811645507812e+01,1.189823455810546875e+02,1.270461177825927734e+01,-2.040682733058929443e-01,8.949803924560546875e+01,1.333323669433593750e+02,-1.610866934061050415e-02,1.064308738708496094e+01,0.000000000000000000e+00
-1.695588082075119019e-01,-2.526730597019195557e-01,5.937792587280273438e+01,1.176707916259765625e+02,1.221043300628662109e+01,-2.005542665719985962e-01,8.898410797119140625e+01,1.322995605468750000e+02,-1.570200733840465546e-02,9.726978302001953125e+00,0.000000000000000000e+00
-1.734837293624877930e-01,-2.583101689815521240e-01,5.952521133422851562e+01,1.197054595947265625e+02,1.300509738922119141e+01,-2.088406085968017578e-01,9.030172729492187500e+01,1.347883758544921875e+02,-2.061311528086662292e-02,1.110385608673095703e+01,0.000000000000000000e+00
-1.693135201930999756e-01,-2.512390017509460449e-01,5.885447692871093750e+01,1.171912231445312500e+02,1.230758762359619141e+01,-2.015358060598373413e-01,8.867829132080078125e+01,1.315347442626953125e+02,-1.374028995633125305e-02,1.016153717041015625e+01,0.000000000000000000e+00
-1.744381040334701538e-01,-2.604143023490905762e-01,5.999424362182617188e+01,1.208414077758789062e+02,1.283528804779052734e+01,-2.093061953783035278e-01,9.081708526611328125e+01,1.353676300048828125e+02,-1.774500682950019836e-02,1.106808471679687500e+01,0.000000000000000000e+00
-1.844644546508789062e-01,-2.684371173381805420e-01,5.738312530517578125e+01,1.226395187377929688e+02,1.578496551513671875e+01,-2.200102806091308594e-01,8.852017974853515625e+01,1.340697174072265625e+02,-1.460017077624797821e-02,1.670104980468750000e+01,1.000000000000000000e+00
-1.774145811796188354e-01,-2.627087831497192383e-01,5.968421554565429688e+01,1.214143218994140625e+02,1.334704589843750000e+01,-2.100563645362854004e-01,9.053541564941406250e+01,1.354828338623046875e+02,-1.823359355330467224e-02,1.190159702301025391e+01,0.000000000000000000e+00
-1.857258975505828857e-01,-2.716027498245239258e-01,5.816916275024414062e+01,1.239420700073242188e+02,1.592748165130615234e+01,-2.214790880680084229e-01,8.953633117675781250e+01,1.356933288574218750e+02,-1.654754392802715302e-02,1.670118713378906250e+01,1.000000000000000000e+00
-1.675855964422225952e-01,-2.494020164012908936e-01,5.883956527709960938e+01,1.167065277099609375e+02,1.209485054016113281e+01,-1.992924213409423828e-01,8.830974578857421875e+01,1.309033660888671875e+02,-1.314890198409557343e-02,9.837290763854980469e+00,0.000000000000000000e+00
-1.810525655746459961e-01,-2.631861567497253418e-01,5.718303680419921875e+01,1.209660415649414062e+02,1.518528842926025391e+01,-2.142770886421203613e-01,8.773715972900390625e+01,1.328429718017578125e+02,-1.521382667124271393e-02,1.524684906005859375e+01,1.000000000000000000e+00
-1.703200042247772217e-01,-2.527644336223602295e-01,5.932204818725585938e+01,1.178909454345703125e+02,1.221846961975097656e+01,-2.014251798391342163e-01,8.934378051757812500e+01,1.325714721679687500e+02,-1.645443215966224670e-02,9.645340919494628906e+00,0.000000000000000000e+00
-1.712267249822616577e-01,-2.550793290138244629e-01,6.000196456909179688e+01,1.190127105712890625e+02,1.214643478393554688e+01,-2.031886875629425049e-01,9.026230621337890625e+01,1.339811859130859375e+02,-1.658128015697002411e-02,9.625068664550781250e+00,0.000000000000000000e+00
-1.796177178621292114e-01,-2.611102461814880371e-01,5.700416946411132812e+01,1.200777435302734375e+02,1.485553741455078125e+01,-2.136144191026687622e-01,8.737006378173828125e+01,1.323519134521484375e+02,-1.542978174984455109e-02,1.507709884643554688e+01,1.000000000000000000e+00
-1.840308308601379395e-01,-2.699747979640960693e-01,5.789582061767578125e+01,1.232043685913085938e+02,1.558160400390625000e+01,-2.198663502931594849e-01,8.892900848388671875e+01,1.351978149414062500e+02,-1.678447984158992767e-02,1.676959609985351562e+01,1.000000000000000000e+00
-1.692937761545181274e-01,-2.509772479534149170e-01,5.898266220092773438e+01,1.171716156005859375e+02,1.218423938751220703e+01,-2.004313766956329346e-01,8.860436248779296875e+01,1.315660858154296875e+02,-1.485406700521707535e-02,9.746926307678222656e+00,0.000000000000000000e+00
-1.826254278421401978e-01,-2.666618227958679199e-01,5.757230377197265625e+01,1.220290527343750000e+02,1.548608207702636719e+01,-2.178968638181686401e-01,8.850313568115234375e+01,1.337970123291015625e+02,-1.420242618769407272e-02,1.624694442749023438e+01,1.000000000000000000e+00
-1.826842874288558960e-01,-2.667719721794128418e-01,5.793915939331054688e+01,1.221640472412109375e+02,1.556162261962890625e+01,-2.177333831787109375e-01,8.905550384521484375e+01,1.339453430175781250e+02,-1.621939428150653839e-02,1.573568916320800781e+01,1.000000000000000000e+00
-1.825371682643890381e-01,-2.647892832756042480e-01,5.719312667846679688e+01,1.212073287963867188e+02,1.596556758880615234e+01,-2.162605375051498413e-01,8.760762786865234375e+01,1.326843566894531250e+02,-1.375192496925592422e-02,1.633050155639648438e+01,1.000000000000000000e+00
-1.835327446460723877e-01,-2.666505873203277588e-01,5.725473022460937500e+01,1.219377288818359375e+02,1.584099388122558594e+01,-2.181765288114547729e-01,8.784816741943359375e+01,1.331860504150390625e+02,-1.311938650906085968e-02,1.687998771667480469e+01,1.000000000000000000e+00
-1.837385147809982300e-01,-2.671496272087097168e-01,5.784304428100585938e+01,1.222272338867187500e+02,1.543876743316650391e+01,-2.171658426523208618e-01,8.852321624755859375e+01,1.340400848388671875e+02,-1.533269230276346207e-02,1.604446601867675781e+01,1.000000000000000000e+00
-1.817543059587478638e-01,-2.616374492645263672e-01,5.660918807983398438e+01,1.201057128906250000e+02,1.556133842468261719e+01,-2.132557630538940430e-01,8.659333038330078125e+01,1.310607452392578125e+02,-1.215570792555809021e-02,1.612364959716796875e+01,1.000000000000000000e+00
-1.840800642967224121e-01,-2.681451141834259033e-01,5.780905532836914062e+01,1.227806091308593750e+02,1.569961738586425781e+01,-2.185384631156921387e-01,8.876834869384765625e+01,1.345525817871093750e+02,-1.613204739987850189e-02,1.611337661743164062e+01,1.000000000000000000e+00
-1.801721006631851196e-01,-2.651488184928894043e-01,5.825167083740234375e+01,1.215163116455078125e+02,1.491600322723388672e+01,-2.157193124294281006e-01,8.888130950927734375e+01,1.346637420654296875e+02,-2.041984349489212036e-02,1.476600456237792969e+01,1.000000000000000000e+00
-1.702229231595993042e-01,-2.522995173931121826e-01,5.899617004394531250e+01,1.177875366210937500e+02,1.242762374877929688e+01,-2.015661448240280151e-01,8.868198394775390625e+01,1.316343536376953125e+02,-1.352840289473533630e-02,1.047959613800048828e+01,0.000000000000000000e+00
-1.863423138856887817e-01,-2.708485722541809082e-01,5.819929885864257812e+01,1.238758163452148438e+02,1.581665420532226562e+01,-2.212568074464797974e-01,8.991371917724609375e+01,1.359263610839843750e+02,-1.734421029686927795e-02,1.617935371398925781e+01,1.000000000000000000e+00
-1.857515722513198853e-01,-2.711670100688934326e-01,5.844792938232421875e+01,1.241392898559570312e+02,1.523568725585937500e+01,-2.217549532651901245e-01,9.037960052490234375e+01,1.367781677246093750e+02,-1.861046068370342255e-02,1.590467262268066406e+01,1.000000000000000000e+00
-1.813272386789321899e-01,-2.615236341953277588e-01,5.720970916748046875e+01,1.206837081909179688e+02,1.545540237426757812e+01,-2.144105285406112671e-01,8.758220672607421875e+01,1.322743835449218750e+02,-1.345005817711353302e-02,1.556655883789062500e+01,1.000000000000000000e+00
-1.856306344270706177e-01,-2.687809765338897705e-01,5.794401931762695312e+01,1.233980865478515625e+02,1.579918098449707031e+01,-2.203539013862609863e-01,8.924300384521484375e+01,1.352451477050781250e+02,-1.749820634722709656e-02,1.609465217590332031e+01,1.000000000000000000e+00
-1.750281155109405518e-01,-2.600825726985931396e-01,6.008949279785156250e+01,1.211786117553710938e+02,1.268239784240722656e+01,-2.097063958644866943e-01,9.119882202148437500e+01,1.356505737304687500e+02,-1.752755977213382721e-02,1.107219886779785156e+01,0.000000000000000000e+00
-1.851420551538467407e-01,-2.707923650741577148e-01,5.839085006713867188e+01,1.236085128784179688e+02,1.567317581176757812e+01,-2.212794572114944458e-01,8.992012023925781250e+01,1.359067840576171875e+02,-1.779559999704360962e-02,1.641741943359375000e+01,1.000000000000000000e+00
-1.827251017093658447e-01,-2.654380500316619873e-01,5.729376983642578125e+01,1.215014572143554688e+02,1.568255901336669922e+01,-2.160139977931976318e-01,8.762316894531250000e+01,1.329028015136718750e+02,-1.379718165844678879e-02,1.627940940856933594e+01,1.000000000000000000e+00
-1.850135177373886108e-01,-2.704405486583709717e-01,5.865559768676757812e+01,1.241310653686523438e+02,1.563009166717529297e+01,-2.219719588756561279e-01,9.042740631103515625e+01,1.366756134033203125e+02,-1.788528263568878174e-02,1.596752452850341797e+01,1.000000000000000000e+00
-1.831291466951370239e-01,-2.691326737403869629e-01,5.879101943969726562e+01,1.232546691894531250e+02,1.531496047973632812e+01,-2.191242128610610962e-01,8.973748016357421875e+01,1.359334564208984375e+02,-1.793876476585865021e-02,1.549075126647949219e+01,1.000000000000000000e+00
-1.848099082708358765e-01,-2.683631181716918945e-01,5.774338531494140625e+01,1.230253601074218750e+02,1.572173404693603516e+01,-2.190351188182830811e-01,8.870383453369140625e+01,1.345295867919921875e+02,-1.560797076672315598e-02,1.645702171325683594e+01,1.000000000000000000e+00
-1.834436058998107910e-01,-2.663941085338592529e-01,5.801348876953125000e+01,1.225099182128906250e+02,1.539014434814453125e+01,-2.179460227489471436e-01,8.901272583007812500e+01,1.346683502197265625e+02,-1.660000719130039215e-02,1.564312171936035156e+01,1.000000000000000000e+00
-1.768500804901123047e-01,-2.602934837341308594e-01,5.942829132080078125e+01,1.206356353759765625e+02,1.372203445434570312e+01,-2.114068418741226196e-01,8.995792388916015625e+01,1.348983764648437500e+02,-1.762422360479831696e-02,1.248781394958496094e+01,0.000000000000000000e+00
